"rgn_id","score"
1,0.09999999952
2,0.32221279294223
3,0.5
4,0.183807145052954
5,0.0728014847417588
6,0.0601110467519112
7,0
8,0.389490189288408
9,0.158941957072846
10,0.171428571462857
11,0.154285714676571
13,0.186122449051102
14,0.229968602216025
18,0.352108842918313
21,0.105442177115646
22,1
23,0.672857142661714
24,0.0436363631650909
26,0.17039960026368
27,0.23284950341372
28,0.181298701054961
29,0.121781075902575
31,0.231884753814492
